dt,maxco,nx,nz,ncells,nlayers,expratio,tsr,cp,cd,yplus_min,yplus_max,yplus_mean,ddt_scheme
nan,30.0,90,50,9184469,18,1.2,1.897530704213868,0.26379208375047664,1.0144728021722655,3.446918712,33.63519906,5.325983298,Euler
